policy,N,life_median,life_q1,life_q3,life_iqr,life_min,life_max,SOH150_median,SOH_slope_median,stable_rate_median,SOH_AUC_median,charge_time_median,IR_slope_median,Tavg_median,C1,Q1,C2,dataset_id
4_8C_80PER_4_8C_NEWSTRUCTURE,6,1775.074769975773,1549.9069086440738,3926.452823626636,2376.545914982562,1294.8666388864096,8753.960275565307,0.9980214062753567,-1.8100960979279025e-05,1.8100960979279025e-05,0.9990198704254265,11.03838458333335,-2.741268186122731e-06,33.1244168321167,4.8,80,4.8,3
5_6C_19PER_4_6C_NEWSTRUCTURE,8,1659.9651427339136,1272.2977563492998,3193.5179021800313,1921.2201458307316,1234.2630648818347,7143.642840284441,0.9964227839906241,-3.0645869177710385e-05,3.0645869177710385e-05,0.9984133727799741,10.04330583333335,-7.330917184203745e-07,34.855710531829324,5.6,19,4.6,3
5_3C_54PER_4C_NEWSTRUCTURE,8,1593.0990741793662,1393.3538491262561,1904.0561865722057,510.7023374459495,1133.31720899159,7638.2007003363005,0.9971720641601807,-2.1684793076225122e-05,2.1684793076225122e-05,0.9987240621654276,10.042935416666324,2.3733652042329287e-05,34.42784202690005,5.3,54,4.0,3
5_6C_36PER_4_3C_NEWSTRUCTURE,8,1593.0811097410713,1303.957610605504,4528.022322114884,3224.0647115093807,1095.5568150489448,7894.050447246592,0.9967632437527978,-2.7337256628576014e-05,2.7337256628576014e-05,0.9986728106650395,10.0427879166668,2.120384240635435e-05,35.295785938788654,5.6,36,4.3,3
5C_67PER_4C_NEWSTRUCTURE,7,1503.7812975135014,1330.2029203782827,1758.3456944309216,428.14277405263897,1122.0537755457017,2842.8649272267694,0.9973084422963845,-2.3068040124710774e-05,2.3068040124710774e-05,0.9988537426902192,10.0431400000001,5.201361048249964e-06,33.1483626616055,5.0,67,4.0,3
3_6C-80PER_3_6C,3,1389.4625092510232,1229.6368702241211,1549.2653943420942,319.62852411797303,1069.8112311972188,1709.068279433165,0.9962350118952357,-1.9712979025032244e-05,1.9712979025032244e-05,0.9972402678763137,13.341709999999651,6.838414351389281e-05,31.390729002319652,3.6,80,3.6,1
80PER_3_6C,3,1114.386561471108,871.4598703829721,1331.3776597499277,459.9177893669556,628.5331792948361,1548.3687580287472,0.9963382486316276,-2.717764503790374e-05,2.717764503790374e-05,0.9981735338239618,13.3420233333333,7.758298620073184e-05,32.06654059240045,,80,3.6,2
3_7C_31PER_5_9C_NEWSTRUCTURE,3,856.0584886102423,746.1497389765391,1081.5911537020768,335.4414147255377,636.2409893428359,1307.1238187939111,0.9727684152391212,-0.0001925486538435195,0.0001925486538435195,0.987046299407795,10.09568250000015,0.00015671780919217503,35.07886442449935,3.7,31,5.9,3
4_8C_80PER_4_8C,3,640.26791983904,626.2563107958669,724.0653663878174,97.8090555919506,612.2447017526937,807.862812936595,0.990211936946614,-8.487886412842494e-05,8.487886412842494e-05,0.996617355948405,10.0538083333334,-5.682106689075432e-05,30.06855558506535,4.8,80,4.8,2
