policy,EOL_extreme_role,life_median,life_rank_desc,stable_rate_median,stable_rate_rank_asc,SOH150_median,SOH150_rank_desc,SOH_AUC_median,AUC_rank_desc,early_metrics_direction_consistent
4_8C_80PER_4_8C_NEWSTRUCTURE,EOL_long_candidate,1775.074769975773,1,1.8100960979279025e-05,1,0.9980214062753567,1,0.9990198704254265,1,True
5_6C_19PER_4_6C_NEWSTRUCTURE,,1659.9651427339136,2,3.0645869177710385e-05,7,0.9964227839906241,5,0.9984133727799741,5,
5_3C_54PER_4C_NEWSTRUCTURE,,1593.0990741793662,3,2.1684793076225122e-05,3,0.9971720641601807,3,0.9987240621654276,3,
5_6C_36PER_4_3C_NEWSTRUCTURE,,1593.0811097410713,4,2.7337256628576014e-05,6,0.9967632437527978,4,0.9986728106650395,4,
5C_67PER_4C_NEWSTRUCTURE,,1503.7812975135014,5,2.3068040124710774e-05,4,0.9973084422963845,2,0.9988537426902192,2,
3_6C-80PER_3_6C,,1389.4625092510232,6,1.9712979025032244e-05,2,0.9962350118952357,7,0.9972402678763137,7,
80PER_3_6C,,1114.386561471108,7,2.717764503790374e-05,5,0.9963382486316276,6,0.9981735338239618,6,
3_7C_31PER_5_9C_NEWSTRUCTURE,,856.0584886102423,8,0.0001925486538435195,9,0.9727684152391212,9,0.987046299407795,9,
4_8C_80PER_4_8C,EOL_short_candidate,640.26791983904,9,8.487886412842494e-05,8,0.990211936946614,8,0.996617355948405,8,True
