held_out_battery,inner_baseline,selected_model,MAE,RMSE,MAE_pp,RMSE_pp,MAPE_percent,SOH_relative_agreement_percent,R2,E200_median,E200_q90,battery_RMSE_median,battery_RMSE_q90,battery_RMSE_max
1,TS,TS_ONLY,0.0014032046735935255,0.0018414410681764977,0.14032046735935255,0.18414410681764978,0.14040465189890639,99.8595953481011,0.12578712565057237,0.004007278860037933,0.004007278860037933,0.0018414410681764977,0.0018414410681764977,0.0018414410681764977
3,TS,TS_ONLY,0.00010935351431557993,0.00013465832374569687,0.010935351431557994,0.013465832374569688,0.010983318819118598,99.98901668118089,0.7836712924295512,0.00030083183143714276,0.00030083183143714276,0.00013465832374569687,0.00013465832374569687,0.00013465832374569687
4,TS,TS_ONLY,0.0007037572068338571,0.0007713760953737541,0.07037572068338571,0.0771376095373754,0.07240119130704428,99.92759880869295,0.9325520550532043,0.0009518141316030571,0.0009518141316030571,0.0007713760953737541,0.0007713760953737541,0.0007713760953737541
6,TS,TS_ONLY,0.0003775931048714787,0.0004367944642617887,0.03775931048714787,0.04367944642617887,0.037965302350975914,99.96203469764903,0.6600595784858394,0.001115381929792325,0.001115381929792325,0.0004367944642617887,0.0004367944642617887,0.0004367944642617887
7,TS,TS_ONLY,0.001222425394732698,0.0013142979774532215,0.1222425394732698,0.13142979774532215,0.12328538801927348,99.87671461198073,0.2068924750564789,0.002124115616523259,0.002124115616523259,0.0013142979774532215,0.0013142979774532215,0.0013142979774532215
8,TS,TS_ONLY,0.0012181377148579964,0.0013070970817381157,0.12181377148579964,0.13070970817381158,0.1237054202052819,99.87629457979472,0.6963322375356835,0.002232468260960907,0.002232468260960907,0.0013070970817381157,0.0013070970817381157,0.0013070970817381157
12,TS,TS_ONLY,0.00012713262158669636,0.00015250000526161617,0.012713262158669636,0.015250000526161617,0.012772069560240873,99.98722793043976,0.9526774697540804,0.00033352499595218355,0.00033352499595218355,0.00015250000526161617,0.00015250000526161617,0.00015250000526161617
13,TS,TS_ONLY,0.0004367176043005916,0.00044937826876506116,0.04367176043005916,0.04493782687650612,0.043843199869779304,99.95615680013022,0.44608983724941675,0.0005693479573689597,0.0005693479573689597,0.00044937826876506116,0.00044937826876506116,0.00044937826876506116
15,TS,TS_ONLY,0.00034120480716891554,0.00035160773216105854,0.034120480716891555,0.035160773216105855,0.034294910310726255,99.96570508968928,0.8149898805395974,0.00041347734358654353,0.00041347734358654353,0.00035160773216105854,0.00035160773216105854,0.00035160773216105854
17,TS,TS_ONLY,0.00022190603669179244,0.00027925059195608944,0.022190603669179243,0.027925059195608944,0.022243529647397897,99.9777564703526,0.03765163248018322,0.0008658870077815628,0.0008658870077815628,0.00027925059195608944,0.00027925059195608944,0.00027925059195608944
18,TS,TS_ONLY,0.0003193541015269186,0.00033234925863253603,0.03193541015269186,0.033234925863253606,0.03206840897071572,99.96793159102928,0.588095030671268,0.0003796403817998284,0.0003796403817998284,0.00033234925863253603,0.00033234925863253603,0.00033234925863253603
19,TS,TS_ONLY,0.00021767182959383513,0.00024517563188135213,0.021767182959383513,0.02451756318813521,0.021817853160426268,99.97818214683957,0.4192784824667346,0.0002761055045243932,0.0002761055045243932,0.00024517563188135213,0.00024517563188135213,0.00024517563188135213
20,TS,TS_ONLY,0.0004919754351734084,0.0005199461631798986,0.04919754351734085,0.05199461631798986,0.049372845293287025,99.95062715470671,-0.21146132829404563,0.00039167696891151405,0.00039167696891151405,0.0005199461631798986,0.0005199461631798986,0.0005199461631798986
21,TS,TS_ONLY,0.00019563342467584954,0.00022419878083216018,0.019563342467584954,0.022419878083216018,0.019676827552505716,99.9803231724475,0.903062616361378,0.00011567719497995732,0.00011567719497995732,0.00022419878083216024,0.00022419878083216024,0.00022419878083216024
22,TS,TS_ONLY,0.00010234524640636345,0.00013052017295137657,0.010234524640636344,0.013052017295137656,0.010263505458442882,99.98973649454156,0.868804625781191,2.4252796409052202e-05,2.4252796409052202e-05,0.00013052017295137657,0.00013052017295137657,0.00013052017295137657
23,TS,TS_ONLY,0.000515998419249013,0.0005349711241585131,0.0515998419249013,0.05349711241585131,0.05189643078733673,99.94810356921266,0.4402237194676122,0.0005858357520291957,0.0005858357520291957,0.0005349711241585131,0.0005349711241585131,0.0005349711241585131
26,TS,TS_ONLY,0.0002664686919340142,0.00032952186361311265,0.026646869193401423,0.03295218636131127,0.02678475128744891,99.97321524871255,0.5472496294243774,0.0005930031676467662,0.0005930031676467662,0.00032952186361311265,0.00032952186361311265,0.00032952186361311265
27,TS,TS_ONLY,9.905475160703725e-05,0.0001181058681756804,0.009905475160703725,0.01181058681756804,0.009960333372467484,99.99003966662754,0.9630163086190463,2.9981591712746614e-05,2.9981591712746614e-05,0.00011810586817568042,0.00011810586817568042,0.00011810586817568042
28,TS,TS_ONLY,0.00017545286283425997,0.00020979541121860022,0.017545286283425998,0.020979541121860023,0.017643820540298425,99.9823561794597,0.8804332258859476,0.00017845342486899618,0.00017845342486899618,0.00020979541121860025,0.00020979541121860025,0.00020979541121860025
29,TS,TS_ONLY,0.00047447298206735765,0.0004983462509034279,0.047447298206735766,0.04983462509034279,0.04764064219931218,99.95235935780069,0.15243539538477435,0.0006182775038260369,0.0006182775038260369,0.0004983462509034279,0.0004983462509034279,0.0004983462509034279
30,TS,TS_ONLY,0.00019178239377406702,0.0002230833918710837,0.019178239377406703,0.02230833918710837,0.01966762665801288,99.98033237334198,0.9894966235239947,0.00020401209005738163,0.00020401209005738163,0.00022308339187108368,0.00022308339187108368,0.00022308339187108368
31,TS,TS_ONLY,0.0001586877618283844,0.0001894641046295718,0.01586877618283844,0.01894641046295718,0.015929410457749937,99.98407058954226,0.9018953502548159,0.0005095071298952814,0.0005095071298952814,0.0001894641046295718,0.0001894641046295718,0.0001894641046295718
32,TS,TS_ONLY,0.00023537080534698828,0.00028207384724252536,0.02353708053469883,0.028207384724252535,0.023615671368813082,99.97638432863118,0.6565544396891905,2.9633391448458113e-06,2.9633391448458113e-06,0.00028207384724252536,0.00028207384724252536,0.00028207384724252536
33,TS,TS_ONLY,0.00022248907084368108,0.00027395517429088597,0.022248907084368108,0.027395517429088596,0.0223380751646049,99.97766192483539,0.7746008786119845,0.0006360303295931402,0.0006360303295931402,0.00027395517429088597,0.00027395517429088597,0.00027395517429088597
34,TS,TS_ONLY,0.00021036809899261267,0.00025439273016337484,0.021036809899261266,0.025439273016337485,0.02113762732913507,99.97886237267086,0.8439994968285447,4.153680746288302e-05,4.153680746288302e-05,0.00025439273016337484,0.00025439273016337484,0.00025439273016337484
35,TS,TS_ONLY,0.0005416833058216608,0.0006017675086967634,0.05416833058216608,0.060176750869676346,0.05603849407326505,99.94396150592674,0.962730732395407,0.0001909343608127445,0.0001909343608127445,0.0006017675086967634,0.0006017675086967634,0.0006017675086967634
36,TS,TS_ONLY,0.000176885771900388,0.00019907229760418086,0.0176885771900388,0.019907229760418085,0.017752593389662355,99.98224740661034,0.8633620499837531,0.000304897450724928,0.000304897450724928,0.00019907229760418086,0.00019907229760418086,0.00019907229760418086
37,TS,TS_ONLY,0.00022640340489233024,0.0002865914175482277,0.022640340489233024,0.02865914175482277,0.02274551761719275,99.9772544823828,0.6778761996217451,0.0004616026794516115,0.0004616026794516115,0.0002865914175482277,0.0002865914175482277,0.0002865914175482277
38,TS,TS_ONLY,0.00015560753558832018,0.00021735912819945287,0.015560753558832019,0.02173591281994529,0.015650564217757203,99.98434943578225,0.8567564171726967,0.0004322795777502719,0.0004322795777502719,0.00021735912819945287,0.00021735912819945287,0.00021735912819945287
39,TS,TS_ONLY,0.00017502795749555045,0.00021943346918996856,0.017502795749555045,0.021943346918996857,0.01758752712942013,99.98241247287058,0.8373625851210353,0.0003180306317235315,0.0003180306317235315,0.00021943346918996856,0.00021943346918996856,0.00021943346918996856
40,TS,TS_ONLY,5.513225190293847e-05,6.859225291353064e-05,0.005513225190293847,0.006859225291353063,0.005546411506308852,99.9944535884937,0.9897936696105326,2.279873038535385e-05,2.279873038535385e-05,6.859225291353064e-05,6.859225291353064e-05,6.859225291353064e-05
41,TS,TS_ONLY,0.00011087408979068903,0.0001302128777672404,0.011087408979068902,0.013021287776724039,0.011665952779175126,99.98833404722083,0.9415436196658119,9.640833871582544e-05,9.640833871582544e-05,0.00013021287776724042,0.00013021287776724042,0.00013021287776724042
42,TS,TS_ONLY,0.00017964548202374032,0.00022047690121865945,0.01796454820237403,0.022047690121865946,0.018023744284879857,99.98197625571513,0.6749424618974512,0.00039805284596150514,0.00039805284596150514,0.00022047690121865945,0.00022047690121865945,0.00022047690121865945
43,TS,TS_ONLY,0.0002444750357008219,0.0002908602811013232,0.02444750357008219,0.02908602811013232,0.02456494549012195,99.97543505450987,0.6320080583947962,0.0005480486777660332,0.0005480486777660332,0.00029086028110132314,0.00029086028110132314,0.00029086028110132314
44,TS,TS_ONLY,0.000435539872088766,0.0004522471818309936,0.0435539872088766,0.04522471818309936,0.04377668810543222,99.95622331189456,0.5600111707131782,0.0006753804963415266,0.0006753804963415266,0.0004522471818309936,0.0004522471818309936,0.0004522471818309936
45,TS,TS_ONLY,0.00013588584249202285,0.00017279405840000238,0.013588584249202285,0.017279405840000237,0.013627564173058422,99.98637243582694,0.8535994133859071,0.00017815994705661087,0.00017815994705661087,0.00017279405840000238,0.00017279405840000238,0.00017279405840000238
46,TS,TS_ONLY,0.0002252966723325045,0.00024573855012540314,0.02252966723325045,0.024573855012540315,0.022587045788619028,99.97741295421137,0.566526765864376,0.000130218419835626,0.000130218419835626,0.00024573855012540314,0.00024573855012540314,0.00024573855012540314
47,TS,TS_ONLY,0.0005649150676108383,0.000623036317672091,0.05649150676108383,0.0623036317672091,0.05665134958842222,99.94334865041158,-0.5906877507059409,0.001048924184522071,0.001048924184522071,0.000623036317672091,0.000623036317672091,0.000623036317672091
48,TS,TS_ONLY,0.0001474957621735551,0.0001848975975708717,0.01474957621735551,0.01848975975708717,0.014787371267864884,99.98521262873213,0.7385513532196131,0.00017088421691635602,0.00017088421691635602,0.00018489759757087167,0.00018489759757087167,0.00018489759757087167
49,TS,TS_ONLY,0.0003195789990564446,0.0004066337873006683,0.03195789990564446,0.040663378730066826,0.03204678202132813,99.96795321797867,0.21552516419544887,0.0010283359529068559,0.0010283359529068559,0.0004066337873006683,0.0004066337873006683,0.0004066337873006683
