battery_id,cycle,SOH_pred,policy
2,151,0.9952944483015298,3_6C-80PER_3_6C
2,152,0.995263549299557,3_6C-80PER_3_6C
2,153,0.9952326502975841,3_6C-80PER_3_6C
2,154,0.9952017512956113,3_6C-80PER_3_6C
2,155,0.9951708522936383,3_6C-80PER_3_6C
2,156,0.9951399532916655,3_6C-80PER_3_6C
2,157,0.9951090542896927,3_6C-80PER_3_6C
2,158,0.9950781552877198,3_6C-80PER_3_6C
2,159,0.995047256285747,3_6C-80PER_3_6C
2,160,0.9950163572837741,3_6C-80PER_3_6C
2,161,0.9949854582818013,3_6C-80PER_3_6C
2,162,0.9949545592798283,3_6C-80PER_3_6C
2,163,0.9949236602778555,3_6C-80PER_3_6C
2,164,0.9948927612758827,3_6C-80PER_3_6C
2,165,0.9948618622739098,3_6C-80PER_3_6C
2,166,0.994830963271937,3_6C-80PER_3_6C
2,167,0.9948000642699641,3_6C-80PER_3_6C
2,168,0.9947691652679913,3_6C-80PER_3_6C
2,169,0.9947382662660185,3_6C-80PER_3_6C
2,170,0.9947073672640456,3_6C-80PER_3_6C
2,171,0.9946764682620727,3_6C-80PER_3_6C
2,172,0.9946455692600998,3_6C-80PER_3_6C
2,173,0.994614670258127,3_6C-80PER_3_6C
2,174,0.9945837712561542,3_6C-80PER_3_6C
2,175,0.9945528722541813,3_6C-80PER_3_6C
2,176,0.9945219732522085,3_6C-80PER_3_6C
2,177,0.9944910742502356,3_6C-80PER_3_6C
2,178,0.9944601752482627,3_6C-80PER_3_6C
2,179,0.9944292762462899,3_6C-80PER_3_6C
2,180,0.994398377244317,3_6C-80PER_3_6C
2,181,0.9943674782423442,3_6C-80PER_3_6C
2,182,0.9943365792403713,3_6C-80PER_3_6C
2,183,0.9943056802383985,3_6C-80PER_3_6C
2,184,0.9942747812364257,3_6C-80PER_3_6C
2,185,0.9942438822344528,3_6C-80PER_3_6C
2,186,0.99421298323248,3_6C-80PER_3_6C
2,187,0.994182084230507,3_6C-80PER_3_6C
2,188,0.9941511852285342,3_6C-80PER_3_6C
2,189,0.9941202862265613,3_6C-80PER_3_6C
2,190,0.9940893872245885,3_6C-80PER_3_6C
2,191,0.9940584882226157,3_6C-80PER_3_6C
2,192,0.9940275892206428,3_6C-80PER_3_6C
2,193,0.99399669021867,3_6C-80PER_3_6C
2,194,0.993965791216697,3_6C-80PER_3_6C
2,195,0.9939348922147242,3_6C-80PER_3_6C
2,196,0.9939039932127514,3_6C-80PER_3_6C
2,197,0.9938730942107785,3_6C-80PER_3_6C
2,198,0.9938421952088057,3_6C-80PER_3_6C
2,199,0.9938112962068328,3_6C-80PER_3_6C
2,200,0.99378039720486,3_6C-80PER_3_6C
5,151,0.9963217280988752,80PER_3_6C
5,152,0.9962667412846329,80PER_3_6C
5,153,0.9962117544703906,80PER_3_6C
5,154,0.9961567676561482,80PER_3_6C
5,155,0.9961017808419059,80PER_3_6C
5,156,0.9960467940276636,80PER_3_6C
5,157,0.9959918072134213,80PER_3_6C
5,158,0.995936820399179,80PER_3_6C
5,159,0.9958818335849366,80PER_3_6C
5,160,0.9958268467706943,80PER_3_6C
5,161,0.995771859956452,80PER_3_6C
5,162,0.9957168731422097,80PER_3_6C
5,163,0.9956618863279674,80PER_3_6C
5,164,0.995606899513725,80PER_3_6C
5,165,0.9955519126994827,80PER_3_6C
5,166,0.9954969258852404,80PER_3_6C
5,167,0.9954419390709981,80PER_3_6C
5,168,0.9953869522567558,80PER_3_6C
5,169,0.9953319654425135,80PER_3_6C
5,170,0.9952769786282711,80PER_3_6C
5,171,0.9952219918140288,80PER_3_6C
5,172,0.9951670049997865,80PER_3_6C
5,173,0.9951120181855442,80PER_3_6C
5,174,0.9950570313713019,80PER_3_6C
5,175,0.9950020445570595,80PER_3_6C
5,176,0.9949470577428172,80PER_3_6C
5,177,0.9948920709285749,80PER_3_6C
5,178,0.9948370841143326,80PER_3_6C
5,179,0.9947820973000903,80PER_3_6C
5,180,0.9947271104858479,80PER_3_6C
5,181,0.9946721236716056,80PER_3_6C
5,182,0.9946171368573633,80PER_3_6C
5,183,0.994562150043121,80PER_3_6C
5,184,0.9945071632288787,80PER_3_6C
5,185,0.9944521764146363,80PER_3_6C
5,186,0.994397189600394,80PER_3_6C
5,187,0.9943422027861517,80PER_3_6C
5,188,0.9942872159719094,80PER_3_6C
5,189,0.9942322291576671,80PER_3_6C
5,190,0.9941772423434247,80PER_3_6C
5,191,0.9941222555291824,80PER_3_6C
5,192,0.9940672687149401,80PER_3_6C
5,193,0.9940122819006978,80PER_3_6C
5,194,0.9939572950864555,80PER_3_6C
5,195,0.9939023082722132,80PER_3_6C
5,196,0.9938473214579708,80PER_3_6C
5,197,0.9937923346437285,80PER_3_6C
5,198,0.9937373478294862,80PER_3_6C
5,199,0.9936823610152439,80PER_3_6C
5,200,0.9936273742010016,80PER_3_6C
9,151,0.9894145347580535,4_8C_80PER_4_8C
9,152,0.9892832580495703,4_8C_80PER_4_8C
9,153,0.9891519813410871,4_8C_80PER_4_8C
9,154,0.9890207046326038,4_8C_80PER_4_8C
9,155,0.9888894279241206,4_8C_80PER_4_8C
9,156,0.9887581512156374,4_8C_80PER_4_8C
9,157,0.9886268745071541,4_8C_80PER_4_8C
9,158,0.9884955977986709,4_8C_80PER_4_8C
9,159,0.9883643210901877,4_8C_80PER_4_8C
9,160,0.9882330443817045,4_8C_80PER_4_8C
9,161,0.9881017676732212,4_8C_80PER_4_8C
9,162,0.987970490964738,4_8C_80PER_4_8C
9,163,0.9878392142562548,4_8C_80PER_4_8C
9,164,0.9877079375477715,4_8C_80PER_4_8C
9,165,0.9875766608392883,4_8C_80PER_4_8C
9,166,0.9874453841308051,4_8C_80PER_4_8C
9,167,0.9873141074223218,4_8C_80PER_4_8C
9,168,0.9871828307138386,4_8C_80PER_4_8C
9,169,0.9870515540053554,4_8C_80PER_4_8C
9,170,0.9869202772968722,4_8C_80PER_4_8C
9,171,0.9867890005883889,4_8C_80PER_4_8C
9,172,0.9866577238799057,4_8C_80PER_4_8C
9,173,0.9865264471714225,4_8C_80PER_4_8C
9,174,0.9863951704629392,4_8C_80PER_4_8C
9,175,0.986263893754456,4_8C_80PER_4_8C
9,176,0.9861326170459728,4_8C_80PER_4_8C
9,177,0.9860013403374895,4_8C_80PER_4_8C
9,178,0.9858700636290063,4_8C_80PER_4_8C
9,179,0.9857387869205231,4_8C_80PER_4_8C
9,180,0.9856075102120399,4_8C_80PER_4_8C
9,181,0.9854762335035566,4_8C_80PER_4_8C
9,182,0.9853449567950734,4_8C_80PER_4_8C
9,183,0.9852136800865902,4_8C_80PER_4_8C
9,184,0.9850824033781069,4_8C_80PER_4_8C
9,185,0.9849511266696237,4_8C_80PER_4_8C
9,186,0.9848198499611405,4_8C_80PER_4_8C
9,187,0.9846885732526572,4_8C_80PER_4_8C
9,188,0.984557296544174,4_8C_80PER_4_8C
9,189,0.9844260198356908,4_8C_80PER_4_8C
9,190,0.9842947431272075,4_8C_80PER_4_8C
9,191,0.9841634664187243,4_8C_80PER_4_8C
9,192,0.9840321897102411,4_8C_80PER_4_8C
9,193,0.9839009130017579,4_8C_80PER_4_8C
9,194,0.9837696362932746,4_8C_80PER_4_8C
9,195,0.9836383595847914,4_8C_80PER_4_8C
9,196,0.9835070828763082,4_8C_80PER_4_8C
9,197,0.9833758061678249,4_8C_80PER_4_8C
9,198,0.9832445294593417,4_8C_80PER_4_8C
9,199,0.9831132527508585,4_8C_80PER_4_8C
9,200,0.9829819760423752,4_8C_80PER_4_8C
10,151,0.9971709495114471,5C_67PER_4C_NEWSTRUCTURE
10,152,0.9971340850044532,5C_67PER_4C_NEWSTRUCTURE
10,153,0.9970972204974592,5C_67PER_4C_NEWSTRUCTURE
10,154,0.9970603559904653,5C_67PER_4C_NEWSTRUCTURE
10,155,0.9970234914834712,5C_67PER_4C_NEWSTRUCTURE
10,156,0.9969866269764773,5C_67PER_4C_NEWSTRUCTURE
10,157,0.9969497624694833,5C_67PER_4C_NEWSTRUCTURE
10,158,0.9969128979624893,5C_67PER_4C_NEWSTRUCTURE
10,159,0.9968760334554954,5C_67PER_4C_NEWSTRUCTURE
10,160,0.9968391689485013,5C_67PER_4C_NEWSTRUCTURE
10,161,0.9968023044415074,5C_67PER_4C_NEWSTRUCTURE
10,162,0.9967654399345134,5C_67PER_4C_NEWSTRUCTURE
10,163,0.9967285754275195,5C_67PER_4C_NEWSTRUCTURE
10,164,0.9966917109205254,5C_67PER_4C_NEWSTRUCTURE
10,165,0.9966548464135314,5C_67PER_4C_NEWSTRUCTURE
10,166,0.9966179819065375,5C_67PER_4C_NEWSTRUCTURE
10,167,0.9965811173995435,5C_67PER_4C_NEWSTRUCTURE
10,168,0.9965442528925496,5C_67PER_4C_NEWSTRUCTURE
10,169,0.9965073883855555,5C_67PER_4C_NEWSTRUCTURE
10,170,0.9964705238785616,5C_67PER_4C_NEWSTRUCTURE
10,171,0.9964336593715676,5C_67PER_4C_NEWSTRUCTURE
10,172,0.9963967948645736,5C_67PER_4C_NEWSTRUCTURE
10,173,0.9963599303575796,5C_67PER_4C_NEWSTRUCTURE
10,174,0.9963230658505856,5C_67PER_4C_NEWSTRUCTURE
10,175,0.9962862013435917,5C_67PER_4C_NEWSTRUCTURE
10,176,0.9962493368365977,5C_67PER_4C_NEWSTRUCTURE
10,177,0.9962124723296037,5C_67PER_4C_NEWSTRUCTURE
10,178,0.9961756078226097,5C_67PER_4C_NEWSTRUCTURE
10,179,0.9961387433156157,5C_67PER_4C_NEWSTRUCTURE
10,180,0.9961018788086218,5C_67PER_4C_NEWSTRUCTURE
10,181,0.9960650143016277,5C_67PER_4C_NEWSTRUCTURE
10,182,0.9960281497946338,5C_67PER_4C_NEWSTRUCTURE
10,183,0.9959912852876398,5C_67PER_4C_NEWSTRUCTURE
10,184,0.9959544207806459,5C_67PER_4C_NEWSTRUCTURE
10,185,0.9959175562736519,5C_67PER_4C_NEWSTRUCTURE
10,186,0.9958806917666578,5C_67PER_4C_NEWSTRUCTURE
10,187,0.9958438272596639,5C_67PER_4C_NEWSTRUCTURE
10,188,0.9958069627526699,5C_67PER_4C_NEWSTRUCTURE
10,189,0.995770098245676,5C_67PER_4C_NEWSTRUCTURE
10,190,0.9957332337386819,5C_67PER_4C_NEWSTRUCTURE
10,191,0.995696369231688,5C_67PER_4C_NEWSTRUCTURE
10,192,0.995659504724694,5C_67PER_4C_NEWSTRUCTURE
10,193,0.9956226402177,5C_67PER_4C_NEWSTRUCTURE
10,194,0.9955857757107061,5C_67PER_4C_NEWSTRUCTURE
10,195,0.995548911203712,5C_67PER_4C_NEWSTRUCTURE
10,196,0.9955120466967181,5C_67PER_4C_NEWSTRUCTURE
10,197,0.9954751821897241,5C_67PER_4C_NEWSTRUCTURE
10,198,0.9954383176827302,5C_67PER_4C_NEWSTRUCTURE
10,199,0.9954014531757361,5C_67PER_4C_NEWSTRUCTURE
10,200,0.9953645886687421,5C_67PER_4C_NEWSTRUCTURE
11,151,0.9967856710790514,5_3C_54PER_4C_NEWSTRUCTURE
11,152,0.9967523002251938,5_3C_54PER_4C_NEWSTRUCTURE
11,153,0.9967189293713361,5_3C_54PER_4C_NEWSTRUCTURE
11,154,0.9966855585174784,5_3C_54PER_4C_NEWSTRUCTURE
11,155,0.9966521876636208,5_3C_54PER_4C_NEWSTRUCTURE
11,156,0.9966188168097632,5_3C_54PER_4C_NEWSTRUCTURE
11,157,0.9965854459559055,5_3C_54PER_4C_NEWSTRUCTURE
11,158,0.9965520751020479,5_3C_54PER_4C_NEWSTRUCTURE
11,159,0.9965187042481902,5_3C_54PER_4C_NEWSTRUCTURE
11,160,0.9964853333943325,5_3C_54PER_4C_NEWSTRUCTURE
11,161,0.996451962540475,5_3C_54PER_4C_NEWSTRUCTURE
11,162,0.9964185916866173,5_3C_54PER_4C_NEWSTRUCTURE
11,163,0.9963852208327596,5_3C_54PER_4C_NEWSTRUCTURE
11,164,0.996351849978902,5_3C_54PER_4C_NEWSTRUCTURE
11,165,0.9963184791250443,5_3C_54PER_4C_NEWSTRUCTURE
11,166,0.9962851082711867,5_3C_54PER_4C_NEWSTRUCTURE
11,167,0.9962517374173291,5_3C_54PER_4C_NEWSTRUCTURE
11,168,0.9962183665634714,5_3C_54PER_4C_NEWSTRUCTURE
11,169,0.9961849957096137,5_3C_54PER_4C_NEWSTRUCTURE
11,170,0.9961516248557561,5_3C_54PER_4C_NEWSTRUCTURE
11,171,0.9961182540018985,5_3C_54PER_4C_NEWSTRUCTURE
11,172,0.9960848831480408,5_3C_54PER_4C_NEWSTRUCTURE
11,173,0.9960515122941832,5_3C_54PER_4C_NEWSTRUCTURE
11,174,0.9960181414403255,5_3C_54PER_4C_NEWSTRUCTURE
11,175,0.9959847705864678,5_3C_54PER_4C_NEWSTRUCTURE
11,176,0.9959513997326103,5_3C_54PER_4C_NEWSTRUCTURE
11,177,0.9959180288787526,5_3C_54PER_4C_NEWSTRUCTURE
11,178,0.9958846580248949,5_3C_54PER_4C_NEWSTRUCTURE
11,179,0.9958512871710373,5_3C_54PER_4C_NEWSTRUCTURE
11,180,0.9958179163171796,5_3C_54PER_4C_NEWSTRUCTURE
11,181,0.995784545463322,5_3C_54PER_4C_NEWSTRUCTURE
11,182,0.9957511746094644,5_3C_54PER_4C_NEWSTRUCTURE
11,183,0.9957178037556067,5_3C_54PER_4C_NEWSTRUCTURE
11,184,0.995684432901749,5_3C_54PER_4C_NEWSTRUCTURE
11,185,0.9956510620478914,5_3C_54PER_4C_NEWSTRUCTURE
11,186,0.9956176911940338,5_3C_54PER_4C_NEWSTRUCTURE
11,187,0.9955843203401761,5_3C_54PER_4C_NEWSTRUCTURE
11,188,0.9955509494863185,5_3C_54PER_4C_NEWSTRUCTURE
11,189,0.9955175786324608,5_3C_54PER_4C_NEWSTRUCTURE
11,190,0.9954842077786031,5_3C_54PER_4C_NEWSTRUCTURE
11,191,0.9954508369247456,5_3C_54PER_4C_NEWSTRUCTURE
11,192,0.9954174660708879,5_3C_54PER_4C_NEWSTRUCTURE
11,193,0.9953840952170302,5_3C_54PER_4C_NEWSTRUCTURE
11,194,0.9953507243631726,5_3C_54PER_4C_NEWSTRUCTURE
11,195,0.9953173535093149,5_3C_54PER_4C_NEWSTRUCTURE
11,196,0.9952839826554573,5_3C_54PER_4C_NEWSTRUCTURE
11,197,0.9952506118015997,5_3C_54PER_4C_NEWSTRUCTURE
11,198,0.995217240947742,5_3C_54PER_4C_NEWSTRUCTURE
11,199,0.9951838700938843,5_3C_54PER_4C_NEWSTRUCTURE
11,200,0.9951504992400267,5_3C_54PER_4C_NEWSTRUCTURE
14,151,0.9976250190439752,5_6C_19PER_4_6C_NEWSTRUCTURE
14,152,0.9975958296392854,5_6C_19PER_4_6C_NEWSTRUCTURE
14,153,0.9975666402345956,5_6C_19PER_4_6C_NEWSTRUCTURE
14,154,0.997537450829906,5_6C_19PER_4_6C_NEWSTRUCTURE
14,155,0.9975082614252162,5_6C_19PER_4_6C_NEWSTRUCTURE
14,156,0.9974790720205264,5_6C_19PER_4_6C_NEWSTRUCTURE
14,157,0.9974498826158367,5_6C_19PER_4_6C_NEWSTRUCTURE
14,158,0.9974206932111469,5_6C_19PER_4_6C_NEWSTRUCTURE
14,159,0.9973915038064571,5_6C_19PER_4_6C_NEWSTRUCTURE
14,160,0.9973623144017675,5_6C_19PER_4_6C_NEWSTRUCTURE
14,161,0.9973331249970777,5_6C_19PER_4_6C_NEWSTRUCTURE
14,162,0.997303935592388,5_6C_19PER_4_6C_NEWSTRUCTURE
14,163,0.9972747461876982,5_6C_19PER_4_6C_NEWSTRUCTURE
14,164,0.9972455567830084,5_6C_19PER_4_6C_NEWSTRUCTURE
14,165,0.9972163673783186,5_6C_19PER_4_6C_NEWSTRUCTURE
14,166,0.997187177973629,5_6C_19PER_4_6C_NEWSTRUCTURE
14,167,0.9971579885689392,5_6C_19PER_4_6C_NEWSTRUCTURE
14,168,0.9971287991642495,5_6C_19PER_4_6C_NEWSTRUCTURE
14,169,0.9970996097595597,5_6C_19PER_4_6C_NEWSTRUCTURE
14,170,0.9970704203548699,5_6C_19PER_4_6C_NEWSTRUCTURE
14,171,0.9970412309501802,5_6C_19PER_4_6C_NEWSTRUCTURE
14,172,0.9970120415454904,5_6C_19PER_4_6C_NEWSTRUCTURE
14,173,0.9969828521408007,5_6C_19PER_4_6C_NEWSTRUCTURE
14,174,0.996953662736111,5_6C_19PER_4_6C_NEWSTRUCTURE
14,175,0.9969244733314212,5_6C_19PER_4_6C_NEWSTRUCTURE
14,176,0.9968952839267314,5_6C_19PER_4_6C_NEWSTRUCTURE
14,177,0.9968660945220417,5_6C_19PER_4_6C_NEWSTRUCTURE
14,178,0.9968369051173519,5_6C_19PER_4_6C_NEWSTRUCTURE
14,179,0.9968077157126622,5_6C_19PER_4_6C_NEWSTRUCTURE
14,180,0.9967785263079725,5_6C_19PER_4_6C_NEWSTRUCTURE
14,181,0.9967493369032827,5_6C_19PER_4_6C_NEWSTRUCTURE
14,182,0.996720147498593,5_6C_19PER_4_6C_NEWSTRUCTURE
14,183,0.9966909580939032,5_6C_19PER_4_6C_NEWSTRUCTURE
14,184,0.9966617686892134,5_6C_19PER_4_6C_NEWSTRUCTURE
14,185,0.9966325792845238,5_6C_19PER_4_6C_NEWSTRUCTURE
14,186,0.996603389879834,5_6C_19PER_4_6C_NEWSTRUCTURE
14,187,0.9965742004751442,5_6C_19PER_4_6C_NEWSTRUCTURE
14,188,0.9965450110704545,5_6C_19PER_4_6C_NEWSTRUCTURE
14,189,0.9965158216657647,5_6C_19PER_4_6C_NEWSTRUCTURE
14,190,0.9964866322610749,5_6C_19PER_4_6C_NEWSTRUCTURE
14,191,0.9964574428563852,5_6C_19PER_4_6C_NEWSTRUCTURE
14,192,0.9964282534516955,5_6C_19PER_4_6C_NEWSTRUCTURE
14,193,0.9963990640470057,5_6C_19PER_4_6C_NEWSTRUCTURE
14,194,0.996369874642316,5_6C_19PER_4_6C_NEWSTRUCTURE
14,195,0.9963406852376262,5_6C_19PER_4_6C_NEWSTRUCTURE
14,196,0.9963114958329364,5_6C_19PER_4_6C_NEWSTRUCTURE
14,197,0.9962823064282467,5_6C_19PER_4_6C_NEWSTRUCTURE
14,198,0.996253117023557,5_6C_19PER_4_6C_NEWSTRUCTURE
14,199,0.9962239276188672,5_6C_19PER_4_6C_NEWSTRUCTURE
14,200,0.9961947382141775,5_6C_19PER_4_6C_NEWSTRUCTURE
16,151,0.9725523814665149,3_7C_31PER_5_9C_NEWSTRUCTURE
16,152,0.9723363476939086,3_7C_31PER_5_9C_NEWSTRUCTURE
16,153,0.9721203139213024,3_7C_31PER_5_9C_NEWSTRUCTURE
16,154,0.9719042801486961,3_7C_31PER_5_9C_NEWSTRUCTURE
16,155,0.9716882463760899,3_7C_31PER_5_9C_NEWSTRUCTURE
16,156,0.9714722126034837,3_7C_31PER_5_9C_NEWSTRUCTURE
16,157,0.9712561788308774,3_7C_31PER_5_9C_NEWSTRUCTURE
16,158,0.9710401450582712,3_7C_31PER_5_9C_NEWSTRUCTURE
16,159,0.9708241112856649,3_7C_31PER_5_9C_NEWSTRUCTURE
16,160,0.9706080775130587,3_7C_31PER_5_9C_NEWSTRUCTURE
16,161,0.9703920437404524,3_7C_31PER_5_9C_NEWSTRUCTURE
16,162,0.9701760099678461,3_7C_31PER_5_9C_NEWSTRUCTURE
16,163,0.9699599761952399,3_7C_31PER_5_9C_NEWSTRUCTURE
16,164,0.9697439424226336,3_7C_31PER_5_9C_NEWSTRUCTURE
16,165,0.9695279086500275,3_7C_31PER_5_9C_NEWSTRUCTURE
16,166,0.9693118748774212,3_7C_31PER_5_9C_NEWSTRUCTURE
16,167,0.969095841104815,3_7C_31PER_5_9C_NEWSTRUCTURE
16,168,0.9688798073322087,3_7C_31PER_5_9C_NEWSTRUCTURE
16,169,0.9686637735596024,3_7C_31PER_5_9C_NEWSTRUCTURE
16,170,0.9684477397869962,3_7C_31PER_5_9C_NEWSTRUCTURE
16,171,0.9682317060143899,3_7C_31PER_5_9C_NEWSTRUCTURE
16,172,0.9680156722417836,3_7C_31PER_5_9C_NEWSTRUCTURE
16,173,0.9677996384691774,3_7C_31PER_5_9C_NEWSTRUCTURE
16,174,0.9675836046965711,3_7C_31PER_5_9C_NEWSTRUCTURE
16,175,0.9673675709239649,3_7C_31PER_5_9C_NEWSTRUCTURE
16,176,0.9671515371513587,3_7C_31PER_5_9C_NEWSTRUCTURE
16,177,0.9669355033787524,3_7C_31PER_5_9C_NEWSTRUCTURE
16,178,0.9667194696061462,3_7C_31PER_5_9C_NEWSTRUCTURE
16,179,0.9665034358335399,3_7C_31PER_5_9C_NEWSTRUCTURE
16,180,0.9662874020609337,3_7C_31PER_5_9C_NEWSTRUCTURE
16,181,0.9660713682883274,3_7C_31PER_5_9C_NEWSTRUCTURE
16,182,0.9658553345157211,3_7C_31PER_5_9C_NEWSTRUCTURE
16,183,0.9656393007431149,3_7C_31PER_5_9C_NEWSTRUCTURE
16,184,0.9654232669705086,3_7C_31PER_5_9C_NEWSTRUCTURE
16,185,0.9652072331979025,3_7C_31PER_5_9C_NEWSTRUCTURE
16,186,0.9649911994252962,3_7C_31PER_5_9C_NEWSTRUCTURE
16,187,0.96477516565269,3_7C_31PER_5_9C_NEWSTRUCTURE
16,188,0.9645591318800837,3_7C_31PER_5_9C_NEWSTRUCTURE
16,189,0.9643430981074774,3_7C_31PER_5_9C_NEWSTRUCTURE
16,190,0.9641270643348712,3_7C_31PER_5_9C_NEWSTRUCTURE
16,191,0.9639110305622649,3_7C_31PER_5_9C_NEWSTRUCTURE
16,192,0.9636949967896586,3_7C_31PER_5_9C_NEWSTRUCTURE
16,193,0.9634789630170524,3_7C_31PER_5_9C_NEWSTRUCTURE
16,194,0.9632629292444461,3_7C_31PER_5_9C_NEWSTRUCTURE
16,195,0.9630468954718399,3_7C_31PER_5_9C_NEWSTRUCTURE
16,196,0.9628308616992337,3_7C_31PER_5_9C_NEWSTRUCTURE
16,197,0.9626148279266274,3_7C_31PER_5_9C_NEWSTRUCTURE
16,198,0.9623987941540212,3_7C_31PER_5_9C_NEWSTRUCTURE
16,199,0.9621827603814149,3_7C_31PER_5_9C_NEWSTRUCTURE
16,200,0.9619667266088087,3_7C_31PER_5_9C_NEWSTRUCTURE
24,151,0.9976435041200904,5_6C_36PER_4_3C_NEWSTRUCTURE
24,152,0.9976144209921142,5_6C_36PER_4_3C_NEWSTRUCTURE
24,153,0.997585337864138,5_6C_36PER_4_3C_NEWSTRUCTURE
24,154,0.9975562547361618,5_6C_36PER_4_3C_NEWSTRUCTURE
24,155,0.9975271716081857,5_6C_36PER_4_3C_NEWSTRUCTURE
24,156,0.9974980884802096,5_6C_36PER_4_3C_NEWSTRUCTURE
24,157,0.9974690053522334,5_6C_36PER_4_3C_NEWSTRUCTURE
24,158,0.9974399222242573,5_6C_36PER_4_3C_NEWSTRUCTURE
24,159,0.9974108390962811,5_6C_36PER_4_3C_NEWSTRUCTURE
24,160,0.9973817559683049,5_6C_36PER_4_3C_NEWSTRUCTURE
24,161,0.9973526728403288,5_6C_36PER_4_3C_NEWSTRUCTURE
24,162,0.9973235897123527,5_6C_36PER_4_3C_NEWSTRUCTURE
24,163,0.9972945065843765,5_6C_36PER_4_3C_NEWSTRUCTURE
24,164,0.9972654234564003,5_6C_36PER_4_3C_NEWSTRUCTURE
24,165,0.9972363403284241,5_6C_36PER_4_3C_NEWSTRUCTURE
24,166,0.997207257200448,5_6C_36PER_4_3C_NEWSTRUCTURE
24,167,0.9971781740724719,5_6C_36PER_4_3C_NEWSTRUCTURE
24,168,0.9971490909444957,5_6C_36PER_4_3C_NEWSTRUCTURE
24,169,0.9971200078165195,5_6C_36PER_4_3C_NEWSTRUCTURE
24,170,0.9970909246885433,5_6C_36PER_4_3C_NEWSTRUCTURE
24,171,0.9970618415605672,5_6C_36PER_4_3C_NEWSTRUCTURE
24,172,0.9970327584325911,5_6C_36PER_4_3C_NEWSTRUCTURE
24,173,0.9970036753046149,5_6C_36PER_4_3C_NEWSTRUCTURE
24,174,0.9969745921766388,5_6C_36PER_4_3C_NEWSTRUCTURE
24,175,0.9969455090486626,5_6C_36PER_4_3C_NEWSTRUCTURE
24,176,0.9969164259206864,5_6C_36PER_4_3C_NEWSTRUCTURE
24,177,0.9968873427927103,5_6C_36PER_4_3C_NEWSTRUCTURE
24,178,0.9968582596647342,5_6C_36PER_4_3C_NEWSTRUCTURE
24,179,0.996829176536758,5_6C_36PER_4_3C_NEWSTRUCTURE
24,180,0.9968000934087818,5_6C_36PER_4_3C_NEWSTRUCTURE
24,181,0.9967710102808056,5_6C_36PER_4_3C_NEWSTRUCTURE
24,182,0.9967419271528295,5_6C_36PER_4_3C_NEWSTRUCTURE
24,183,0.9967128440248534,5_6C_36PER_4_3C_NEWSTRUCTURE
24,184,0.9966837608968772,5_6C_36PER_4_3C_NEWSTRUCTURE
24,185,0.996654677768901,5_6C_36PER_4_3C_NEWSTRUCTURE
24,186,0.9966255946409248,5_6C_36PER_4_3C_NEWSTRUCTURE
24,187,0.9965965115129487,5_6C_36PER_4_3C_NEWSTRUCTURE
24,188,0.9965674283849726,5_6C_36PER_4_3C_NEWSTRUCTURE
24,189,0.9965383452569964,5_6C_36PER_4_3C_NEWSTRUCTURE
24,190,0.9965092621290202,5_6C_36PER_4_3C_NEWSTRUCTURE
24,191,0.9964801790010441,5_6C_36PER_4_3C_NEWSTRUCTURE
24,192,0.9964510958730679,5_6C_36PER_4_3C_NEWSTRUCTURE
24,193,0.9964220127450918,5_6C_36PER_4_3C_NEWSTRUCTURE
24,194,0.9963929296171157,5_6C_36PER_4_3C_NEWSTRUCTURE
24,195,0.9963638464891394,5_6C_36PER_4_3C_NEWSTRUCTURE
24,196,0.9963347633611633,5_6C_36PER_4_3C_NEWSTRUCTURE
24,197,0.9963056802331871,5_6C_36PER_4_3C_NEWSTRUCTURE
24,198,0.996276597105211,5_6C_36PER_4_3C_NEWSTRUCTURE
24,199,0.9962475139772349,5_6C_36PER_4_3C_NEWSTRUCTURE
24,200,0.9962184308492587,5_6C_36PER_4_3C_NEWSTRUCTURE
25,151,0.9972574279593859,4_8C_80PER_4_8C_NEWSTRUCTURE
25,152,0.9972191119110971,4_8C_80PER_4_8C_NEWSTRUCTURE
25,153,0.9971807958628084,4_8C_80PER_4_8C_NEWSTRUCTURE
25,154,0.9971424798145196,4_8C_80PER_4_8C_NEWSTRUCTURE
25,155,0.9971041637662309,4_8C_80PER_4_8C_NEWSTRUCTURE
25,156,0.9970658477179423,4_8C_80PER_4_8C_NEWSTRUCTURE
25,157,0.9970275316696535,4_8C_80PER_4_8C_NEWSTRUCTURE
25,158,0.9969892156213648,4_8C_80PER_4_8C_NEWSTRUCTURE
25,159,0.996950899573076,4_8C_80PER_4_8C_NEWSTRUCTURE
25,160,0.9969125835247873,4_8C_80PER_4_8C_NEWSTRUCTURE
25,161,0.9968742674764985,4_8C_80PER_4_8C_NEWSTRUCTURE
25,162,0.9968359514282098,4_8C_80PER_4_8C_NEWSTRUCTURE
25,163,0.996797635379921,4_8C_80PER_4_8C_NEWSTRUCTURE
25,164,0.9967593193316323,4_8C_80PER_4_8C_NEWSTRUCTURE
25,165,0.9967210032833436,4_8C_80PER_4_8C_NEWSTRUCTURE
25,166,0.9966826872350548,4_8C_80PER_4_8C_NEWSTRUCTURE
25,167,0.9966443711867662,4_8C_80PER_4_8C_NEWSTRUCTURE
25,168,0.9966060551384774,4_8C_80PER_4_8C_NEWSTRUCTURE
25,169,0.9965677390901887,4_8C_80PER_4_8C_NEWSTRUCTURE
25,170,0.9965294230419,4_8C_80PER_4_8C_NEWSTRUCTURE
25,171,0.9964911069936112,4_8C_80PER_4_8C_NEWSTRUCTURE
25,172,0.9964527909453225,4_8C_80PER_4_8C_NEWSTRUCTURE
25,173,0.9964144748970337,4_8C_80PER_4_8C_NEWSTRUCTURE
25,174,0.996376158848745,4_8C_80PER_4_8C_NEWSTRUCTURE
25,175,0.9963378428004562,4_8C_80PER_4_8C_NEWSTRUCTURE
25,176,0.9962995267521675,4_8C_80PER_4_8C_NEWSTRUCTURE
25,177,0.9962612107038787,4_8C_80PER_4_8C_NEWSTRUCTURE
25,178,0.9962228946555901,4_8C_80PER_4_8C_NEWSTRUCTURE
25,179,0.9961845786073014,4_8C_80PER_4_8C_NEWSTRUCTURE
25,180,0.9961462625590126,4_8C_80PER_4_8C_NEWSTRUCTURE
25,181,0.9961079465107239,4_8C_80PER_4_8C_NEWSTRUCTURE
25,182,0.9960696304624351,4_8C_80PER_4_8C_NEWSTRUCTURE
25,183,0.9960313144141464,4_8C_80PER_4_8C_NEWSTRUCTURE
25,184,0.9959929983658576,4_8C_80PER_4_8C_NEWSTRUCTURE
25,185,0.9959546823175689,4_8C_80PER_4_8C_NEWSTRUCTURE
25,186,0.9959163662692802,4_8C_80PER_4_8C_NEWSTRUCTURE
25,187,0.9958780502209914,4_8C_80PER_4_8C_NEWSTRUCTURE
25,188,0.9958397341727027,4_8C_80PER_4_8C_NEWSTRUCTURE
25,189,0.995801418124414,4_8C_80PER_4_8C_NEWSTRUCTURE
25,190,0.9957631020761253,4_8C_80PER_4_8C_NEWSTRUCTURE
25,191,0.9957247860278365,4_8C_80PER_4_8C_NEWSTRUCTURE
25,192,0.9956864699795478,4_8C_80PER_4_8C_NEWSTRUCTURE
25,193,0.995648153931259,4_8C_80PER_4_8C_NEWSTRUCTURE
25,194,0.9956098378829703,4_8C_80PER_4_8C_NEWSTRUCTURE
25,195,0.9955715218346816,4_8C_80PER_4_8C_NEWSTRUCTURE
25,196,0.9955332057863928,4_8C_80PER_4_8C_NEWSTRUCTURE
25,197,0.9954948897381041,4_8C_80PER_4_8C_NEWSTRUCTURE
25,198,0.9954565736898153,4_8C_80PER_4_8C_NEWSTRUCTURE
25,199,0.9954182576415266,4_8C_80PER_4_8C_NEWSTRUCTURE
25,200,0.995379941593238,4_8C_80PER_4_8C_NEWSTRUCTURE
