battery_id,policy,selected_n0,selected_model,life_q3,model_a,model_b,model_c,life_boot_low,life_boot_median,life_boot_high,bootstrap_valid,bootstrap_draws
2,3_6C-80PER_3_6C,31,centered_quadratic,1756.8156036063774,0.997612800416408,1.2730181177476388e-05,5.897143629813278e-08,1040.1406948028002,1601.4448339474375,3538.211705924316,2000,2000
5,80PER_3_6C,31,centered_quadratic,1141.6326608982756,0.9994312298138923,8.457549289833992e-06,1.540634319272337e-07,897.9663178739011,1100.407771000918,1340.9597172121858,2000,2000
9,4_8C_80PER_4_8C,31,centered_quadratic,786.1491528364559,1.0003644464497763,5.841974964982374e-05,2.7400044787824656e-07,664.0736936406604,772.5971681596963,843.1281861352666,2000,2000
10,5C_67PER_4C_NEWSTRUCTURE,31,centered_quadratic,1825.7105031130159,0.9997784562303064,1.66855823899478e-05,5.2726921923286054e-08,1006.6598945104538,1651.081679053633,4612.4095526589845,2000,2000
11,5_3C_54PER_4C_NEWSTRUCTURE,31,centered_quadratic,3093.4607225347227,0.9998112591543956,2.473212255524987e-05,1.3228971957854941e-08,1082.2194562446748,2345.3911472884533,8481.933954001941,2000,2000
14,5_6C_19PER_4_6C_NEWSTRUCTURE,31,centered_quadratic,2206.1519204954266,0.9999465023053099,1.6077241913474714e-05,3.486917995692136e-08,1060.6495403851932,1908.8229068537794,10752.518270193943,2000,2000
16,3_7C_31PER_5_9C_NEWSTRUCTURE,31,centered_quadratic,892.5333401038077,0.9949521191583709,0.00018542894598959705,4.742255116841418e-08,675.5853367177959,861.759012765469,1056.3988230993748,2000,2000
24,5_6C_36PER_4_3C_NEWSTRUCTURE,31,centered_quadratic,1815.2313493086758,1.0000478054723745,1.3686914411596155e-05,5.516827513227445e-08,1042.3540237983725,1645.671023113451,4157.590386369266,2000,2000
25,4_8C_80PER_4_8C_NEWSTRUCTURE,31,centered_quadratic,1846.3758611042874,0.9998914569031315,1.7264625585339058e-05,5.114401277554652e-08,1003.534746385362,1665.6531067459123,5183.326909651747,2000,2000
