battery_id,n0,model,life,fit_success,b_at_lower_bound,c_near_bound,finite_scenarios,structural_life_min,structural_life_median,structural_life_max,structural_relative_span_percent
2,11,linear,9420.138172890916,True,False,False,15,1641.6031922574666,2376.0953977190597,9420.138172890916,327.36627443916933
2,11,power,2136.927939428003,True,False,False,15,1641.6031922574666,2376.0953977190597,9420.138172890916,327.36627443916933
2,11,centered_quadratic,1641.6031922574666,True,False,False,15,1641.6031922574666,2376.0953977190597,9420.138172890916,327.36627443916933
2,21,linear,9035.993870829856,True,False,False,15,1641.6031922574666,2376.0953977190597,9420.138172890916,327.36627443916933
2,21,power,2301.3760872905627,True,False,False,15,1641.6031922574666,2376.0953977190597,9420.138172890916,327.36627443916933
2,21,centered_quadratic,1713.8917283835124,True,False,False,15,1641.6031922574666,2376.0953977190597,9420.138172890916,327.36627443916933
2,31,linear,8750.103254269867,True,False,False,15,1641.6031922574666,2376.0953977190597,9420.138172890916,327.36627443916933
2,31,power,2376.0953977190597,True,False,False,15,1641.6031922574666,2376.0953977190597,9420.138172890916,327.36627443916933
2,31,centered_quadratic,1756.8156036063774,True,False,False,15,1641.6031922574666,2376.0953977190597,9420.138172890916,327.36627443916933
2,41,linear,8461.370784115654,True,False,False,15,1641.6031922574666,2376.0953977190597,9420.138172890916,327.36627443916933
2,41,power,2593.480506607397,True,False,False,15,1641.6031922574666,2376.0953977190597,9420.138172890916,327.36627443916933
2,41,centered_quadratic,1847.753775690222,True,False,False,15,1641.6031922574666,2376.0953977190597,9420.138172890916,327.36627443916933
2,51,linear,8275.750170123845,True,False,False,15,1641.6031922574666,2376.0953977190597,9420.138172890916,327.36627443916933
2,51,power,2568.1947613885613,True,False,False,15,1641.6031922574666,2376.0953977190597,9420.138172890916,327.36627443916933
2,51,centered_quadratic,1858.4497391536102,True,False,False,15,1641.6031922574666,2376.0953977190597,9420.138172890916,327.36627443916933
5,11,linear,6546.231759807677,True,False,False,15,1016.0068072811969,1141.6326608982756,6546.231759807677,484.4136946971288
5,11,power,1016.0068072811969,True,False,False,15,1016.0068072811969,1141.6326608982756,6546.231759807677,484.4136946971288
5,11,centered_quadratic,1117.8614334165993,True,True,False,15,1016.0068072811969,1141.6326608982756,6546.231759807677,484.4136946971288
5,21,linear,6123.269861154972,True,False,False,15,1016.0068072811969,1141.6326608982756,6546.231759807677,484.4136946971288
5,21,power,1098.8658978185206,True,False,False,15,1016.0068072811969,1141.6326608982756,6546.231759807677,484.4136946971288
5,21,centered_quadratic,1133.6769449028295,True,False,False,15,1016.0068072811969,1141.6326608982756,6546.231759807677,484.4136946971288
5,31,linear,5833.710482628011,True,False,False,15,1016.0068072811969,1141.6326608982756,6546.231759807677,484.4136946971288
5,31,power,1119.5574018862062,True,False,False,15,1016.0068072811969,1141.6326608982756,6546.231759807677,484.4136946971288
5,31,centered_quadratic,1141.6326608982756,True,False,False,15,1016.0068072811969,1141.6326608982756,6546.231759807677,484.4136946971288
5,41,linear,5565.906324717334,True,False,False,15,1016.0068072811969,1141.6326608982756,6546.231759807677,484.4136946971288
5,41,power,1157.4846759245613,True,False,False,15,1016.0068072811969,1141.6326608982756,6546.231759807677,484.4136946971288
5,41,centered_quadratic,1161.8181248518376,True,False,False,15,1016.0068072811969,1141.6326608982756,6546.231759807677,484.4136946971288
5,51,linear,5419.946618973451,True,False,False,15,1016.0068072811969,1141.6326608982756,6546.231759807677,484.4136946971288
5,51,power,1054.8200899175822,True,False,False,15,1016.0068072811969,1141.6326608982756,6546.231759807677,484.4136946971288
5,51,centered_quadratic,1111.4156735266185,True,False,False,15,1016.0068072811969,1141.6326608982756,6546.231759807677,484.4136946971288
9,11,linear,2139.1840442182847,True,False,False,15,717.9924622268602,909.4293200095078,2139.1840442182847,156.27290111743554
9,11,power,796.9081295592641,True,False,False,15,717.9924622268602,909.4293200095078,2139.1840442182847,156.27290111743554
9,11,centered_quadratic,717.9924622268602,True,False,False,15,717.9924622268602,909.4293200095078,2139.1840442182847,156.27290111743554
9,21,linear,2037.5256895614045,True,False,False,15,717.9924622268602,909.4293200095078,2139.1840442182847,156.27290111743554
9,21,power,851.1686206751539,True,False,False,15,717.9924622268602,909.4293200095078,2139.1840442182847,156.27290111743554
9,21,centered_quadratic,750.2497988950828,True,False,False,15,717.9924622268602,909.4293200095078,2139.1840442182847,156.27290111743554
9,31,linear,1956.6092364230065,True,False,False,15,717.9924622268602,909.4293200095078,2139.1840442182847,156.27290111743554
9,31,power,909.4293200095078,True,False,False,15,717.9924622268602,909.4293200095078,2139.1840442182847,156.27290111743554
9,31,centered_quadratic,786.1491528364559,True,False,False,15,717.9924622268602,909.4293200095078,2139.1840442182847,156.27290111743554
9,41,linear,1898.381660656101,True,False,False,15,717.9924622268602,909.4293200095078,2139.1840442182847,156.27290111743554
9,41,power,945.5663582412468,True,False,False,15,717.9924622268602,909.4293200095078,2139.1840442182847,156.27290111743554
9,41,centered_quadratic,811.5664502918178,True,False,False,15,717.9924622268602,909.4293200095078,2139.1840442182847,156.27290111743554
9,51,linear,1844.6218978598747,True,False,False,15,717.9924622268602,909.4293200095078,2139.1840442182847,156.27290111743554
9,51,power,1005.3351133133837,True,False,False,15,717.9924622268602,909.4293200095078,2139.1840442182847,156.27290111743554
9,51,centered_quadratic,851.7608832090904,True,False,False,15,717.9924622268602,909.4293200095078,2139.1840442182847,156.27290111743554
10,11,linear,8676.13323666709,True,False,False,15,1501.0011996114902,2333.0899529791686,8676.13323666709,307.5377367209324
10,11,power,1845.099821608049,True,False,False,15,1501.0011996114902,2333.0899529791686,8676.13323666709,307.5377367209324
10,11,centered_quadratic,1501.0011996114902,True,False,False,15,1501.0011996114902,2333.0899529791686,8676.13323666709,307.5377367209324
10,21,linear,8150.903099846475,True,False,False,15,1501.0011996114902,2333.0899529791686,8676.13323666709,307.5377367209324
10,21,power,2333.0899529791686,True,False,False,15,1501.0011996114902,2333.0899529791686,8676.13323666709,307.5377367209324
10,21,centered_quadratic,1684.4153540168495,True,False,False,15,1501.0011996114902,2333.0899529791686,8676.13323666709,307.5377367209324
10,31,linear,7845.681300155968,True,False,False,15,1501.0011996114902,2333.0899529791686,8676.13323666709,307.5377367209324
10,31,power,2706.221589472919,True,False,False,15,1501.0011996114902,2333.0899529791686,8676.13323666709,307.5377367209324
10,31,centered_quadratic,1825.7105031130159,True,False,False,15,1501.0011996114902,2333.0899529791686,8676.13323666709,307.5377367209324
10,41,linear,7745.238045412138,True,False,False,15,1501.0011996114902,2333.0899529791686,8676.13323666709,307.5377367209324
10,41,power,2366.79497112498,True,False,False,15,1501.0011996114902,2333.0899529791686,8676.13323666709,307.5377367209324
10,41,centered_quadratic,1738.4017212978044,True,False,False,15,1501.0011996114902,2333.0899529791686,8676.13323666709,307.5377367209324
10,51,linear,7591.307655789945,True,False,False,15,1501.0011996114902,2333.0899529791686,8676.13323666709,307.5377367209324
10,51,power,2240.372454765435,True,False,False,15,1501.0011996114902,2333.0899529791686,8676.13323666709,307.5377367209324
10,51,centered_quadratic,1714.0894979954041,True,False,False,15,1501.0011996114902,2333.0899529791686,8676.13323666709,307.5377367209324
11,11,linear,7846.539779548562,True,False,False,15,2051.144869124888,4647.704181694373,7846.539779548562,124.69371293572513
11,11,power,3530.730630965442,True,False,False,15,2051.144869124888,4647.704181694373,7846.539779548562,124.69371293572513
11,11,centered_quadratic,2051.144869124888,True,False,False,15,2051.144869124888,4647.704181694373,7846.539779548562,124.69371293572513
11,21,linear,7583.415416491738,True,False,False,15,2051.144869124888,4647.704181694373,7846.539779548562,124.69371293572513
11,21,power,4647.704181694373,True,False,False,15,2051.144869124888,4647.704181694373,7846.539779548562,124.69371293572513
11,21,centered_quadratic,2519.8449661616582,True,False,False,15,2051.144869124888,4647.704181694373,7846.539779548562,124.69371293572513
11,31,linear,7442.569323143139,True,False,False,15,2051.144869124888,4647.704181694373,7846.539779548562,124.69371293572513
11,31,power,5868.834686373935,True,False,False,15,2051.144869124888,4647.704181694373,7846.539779548562,124.69371293572513
11,31,centered_quadratic,3093.4607225347227,True,False,False,15,2051.144869124888,4647.704181694373,7846.539779548562,124.69371293572513
11,41,linear,7471.070924055535,True,False,False,15,2051.144869124888,4647.704181694373,7846.539779548562,124.69371293572513
11,41,power,4709.631844812373,True,False,False,15,2051.144869124888,4647.704181694373,7846.539779548562,124.69371293572513
11,41,centered_quadratic,2575.5977273521753,True,False,False,15,2051.144869124888,4647.704181694373,7846.539779548562,124.69371293572513
11,51,linear,7474.758101755019,True,False,False,15,2051.144869124888,4647.704181694373,7846.539779548562,124.69371293572513
11,51,power,3801.352345135533,True,False,False,15,2051.144869124888,4647.704181694373,7846.539779548562,124.69371293572513
11,51,centered_quadratic,2258.3781000370273,True,False,False,15,2051.144869124888,4647.704181694373,7846.539779548562,124.69371293572513
14,11,linear,10197.474676359268,True,False,False,15,1649.4227585365024,3393.9851168451287,10197.474676359268,251.85885098307645
14,11,power,2119.8266289057738,True,False,False,15,1649.4227585365024,3393.9851168451287,10197.474676359268,251.85885098307645
14,11,centered_quadratic,1649.4227585365024,True,False,False,15,1649.4227585365024,3393.9851168451287,10197.474676359268,251.85885098307645
14,21,linear,9565.493705818524,True,False,False,15,1649.4227585365024,3393.9851168451287,10197.474676359268,251.85885098307645
14,21,power,2760.886534132517,True,False,False,15,1649.4227585365024,3393.9851168451287,10197.474676359268,251.85885098307645
14,21,centered_quadratic,1882.2348957156019,True,False,False,15,1649.4227585365024,3393.9851168451287,10197.474676359268,251.85885098307645
14,31,linear,9139.342689314124,True,False,False,15,1649.4227585365024,3393.9851168451287,10197.474676359268,251.85885098307645
14,31,power,3694.9070655078995,True,False,False,15,1649.4227585365024,3393.9851168451287,10197.474676359268,251.85885098307645
14,31,centered_quadratic,2206.1519204954266,True,False,False,15,1649.4227585365024,3393.9851168451287,10197.474676359268,251.85885098307645
14,41,linear,8994.937658970051,True,False,False,15,1649.4227585365024,3393.9851168451287,10197.474676359268,251.85885098307645
14,41,power,3620.2969791477417,True,False,False,15,1649.4227585365024,3393.9851168451287,10197.474676359268,251.85885098307645
14,41,centered_quadratic,2214.141812204092,True,False,False,15,1649.4227585365024,3393.9851168451287,10197.474676359268,251.85885098307645
14,51,linear,8881.740867565495,True,False,False,15,1649.4227585365024,3393.9851168451287,10197.474676359268,251.85885098307645
14,51,power,3393.9851168451287,True,False,False,15,1649.4227585365024,3393.9851168451287,10197.474676359268,251.85885098307645
14,51,centered_quadratic,2168.0253884799863,True,False,False,15,1649.4227585365024,3393.9851168451287,10197.474676359268,251.85885098307645
16,11,linear,1041.8416101009175,True,False,False,15,862.3387048974839,978.7144391219203,1042.1049578769675,18.367589747706766
16,11,power,1003.3238298100175,True,False,False,15,862.3387048974839,978.7144391219203,1042.1049578769675,18.367589747706766
16,11,centered_quadratic,923.1948496975067,True,False,False,15,862.3387048974839,978.7144391219203,1042.1049578769675,18.367589747706766
16,21,linear,1042.1049578769675,True,False,False,15,862.3387048974839,978.7144391219203,1042.1049578769675,18.367589747706766
16,21,power,981.3994906564757,True,False,False,15,862.3387048974839,978.7144391219203,1042.1049578769675,18.367589747706766
16,21,centered_quadratic,893.0735409164021,True,False,False,15,862.3387048974839,978.7144391219203,1042.1049578769675,18.367589747706766
16,31,linear,1039.9595505324444,True,False,False,15,862.3387048974839,978.7144391219203,1042.1049578769675,18.367589747706766
16,31,power,978.7144391219203,True,False,False,15,862.3387048974839,978.7144391219203,1042.1049578769675,18.367589747706766
16,31,centered_quadratic,892.5333401038077,True,False,False,15,862.3387048974839,978.7144391219203,1042.1049578769675,18.367589747706766
16,41,linear,1039.3000914579998,True,False,False,15,862.3387048974839,978.7144391219203,1042.1049578769675,18.367589747706766
16,41,power,958.750052661824,True,False,False,15,862.3387048974839,978.7144391219203,1042.1049578769675,18.367589747706766
16,41,centered_quadratic,868.1310655823222,True,False,False,15,862.3387048974839,978.7144391219203,1042.1049578769675,18.367589747706766
16,51,linear,1036.8843389329163,True,False,False,15,862.3387048974839,978.7144391219203,1042.1049578769675,18.367589747706766
16,51,power,951.8050456649123,True,False,False,15,862.3387048974839,978.7144391219203,1042.1049578769675,18.367589747706766
16,51,centered_quadratic,862.3387048974839,True,False,False,15,862.3387048974839,978.7144391219203,1042.1049578769675,18.367589747706766
24,11,linear,10110.47949921952,True,False,False,15,1410.8833606415799,2565.9752710777175,10110.47949921952,339.03663206091943
24,11,power,1532.937641250918,True,False,False,15,1410.8833606415799,2565.9752710777175,10110.47949921952,339.03663206091943
24,11,centered_quadratic,1410.8833606415799,True,False,False,15,1410.8833606415799,2565.9752710777175,10110.47949921952,339.03663206091943
24,21,linear,9232.18933159064,True,False,False,15,1410.8833606415799,2565.9752710777175,10110.47949921952,339.03663206091943
24,21,power,2054.302659102474,True,False,False,15,1410.8833606415799,2565.9752710777175,10110.47949921952,339.03663206091943
24,21,centered_quadratic,1619.191889296454,True,False,False,15,1410.8833606415799,2565.9752710777175,10110.47949921952,339.03663206091943
24,31,linear,8736.162521534807,True,False,False,15,1410.8833606415799,2565.9752710777175,10110.47949921952,339.03663206091943
24,31,power,2565.9752710777175,True,False,False,15,1410.8833606415799,2565.9752710777175,10110.47949921952,339.03663206091943
24,31,centered_quadratic,1815.2313493086758,True,False,False,15,1410.8833606415799,2565.9752710777175,10110.47949921952,339.03663206091943
24,41,linear,8377.58152264328,True,False,False,15,1410.8833606415799,2565.9752710777175,10110.47949921952,339.03663206091943
24,41,power,3255.4809477562494,True,False,False,15,1410.8833606415799,2565.9752710777175,10110.47949921952,339.03663206091943
24,41,centered_quadratic,2081.242477747508,True,False,False,15,1410.8833606415799,2565.9752710777175,10110.47949921952,339.03663206091943
24,51,linear,8133.310172768163,True,False,False,15,1410.8833606415799,2565.9752710777175,10110.47949921952,339.03663206091943
24,51,power,4217.388057226622,True,False,False,15,1410.8833606415799,2565.9752710777175,10110.47949921952,339.03663206091943
24,51,centered_quadratic,2468.6042832973144,True,False,False,15,1410.8833606415799,2565.9752710777175,10110.47949921952,339.03663206091943
25,11,linear,8424.724247862396,True,False,False,15,1568.0328980269544,2511.415556816287,8424.724247862396,273.0209793925003
25,11,power,2062.153927418268,True,False,False,15,1568.0328980269544,2511.415556816287,8424.724247862396,273.0209793925003
25,11,centered_quadratic,1568.0328980269544,True,False,False,15,1568.0328980269544,2511.415556816287,8424.724247862396,273.0209793925003
25,21,linear,7959.807580661832,True,False,False,15,1568.0328980269544,2511.415556816287,8424.724247862396,273.0209793925003
25,21,power,2681.784287404708,True,False,False,15,1568.0328980269544,2511.415556816287,8424.724247862396,273.0209793925003
25,21,centered_quadratic,1788.0867787151394,True,False,False,15,1568.0328980269544,2511.415556816287,8424.724247862396,273.0209793925003
25,31,linear,7755.785797369825,True,False,False,15,1568.0328980269544,2511.415556816287,8424.724247862396,273.0209793925003
25,31,power,2795.02004814714,True,False,False,15,1568.0328980269544,2511.415556816287,8424.724247862396,273.0209793925003
25,31,centered_quadratic,1846.3758611042874,True,False,False,15,1568.0328980269544,2511.415556816287,8424.724247862396,273.0209793925003
25,41,linear,7645.091216815519,True,False,False,15,1568.0328980269544,2511.415556816287,8424.724247862396,273.0209793925003
25,41,power,2511.415556816287,True,False,False,15,1568.0328980269544,2511.415556816287,8424.724247862396,273.0209793925003
25,41,centered_quadratic,1782.2643944640274,True,False,False,15,1568.0328980269544,2511.415556816287,8424.724247862396,273.0209793925003
25,51,linear,7512.840226036724,True,False,False,15,1568.0328980269544,2511.415556816287,8424.724247862396,273.0209793925003
25,51,power,2328.8434831066993,True,False,False,15,1568.0328980269544,2511.415556816287,8424.724247862396,273.0209793925003
25,51,centered_quadratic,1746.1407459852326,True,False,False,15,1568.0328980269544,2511.415556816287,8424.724247862396,273.0209793925003
