battery_id,policy,selected_n0,selected_model,life_q3,model_a,model_b,model_c,life_boot_low,life_boot_median,life_boot_high,bootstrap_valid,bootstrap_draws,v4_individual_EOL,peer_geometric_median_EOL,individual_weight,v4_partially_pooled_EOL,fit_A,fit_B,fit_C,life_q3_individual,eol_role
2,3_6C-80PER_3_6C,31,centered_quadratic,1651.3419203432024,0.997612800416408,1.2730181177476388e-05,5.8971436298132786e-08,1114.5804905281518,1540.5519850800974,2791.7738311994476,2000,2000,1756.8156036063774,1371.4168566335456,0.75,1651.3419203432024,0.997612800416408,1.2730181177476388e-05,5.8971436298132786e-08,1756.8156036063774,Q3 formal partially pooled point estimate
5,80PER_3_6C,31,centered_quadratic,1085.9829542235104,0.9994312298138924,8.457549289833992e-06,1.540634319272337e-07,907.0333486844413,1056.436642546842,1225.2931866836661,2000,2000,1141.6326608982756,934.7874630892608,0.75,1085.9829542235104,0.9994312298138924,8.457549289833992e-06,1.540634319272337e-07,1141.6326608982756,Q3 formal partially pooled point estimate
9,4_8C_80PER_4_8C,31,centered_quadratic,765.8241423877081,1.0003644464497763,5.841974964982374e-05,2.7400044787824656e-07,674.7805371199773,755.9014425559485,807.0873610191659,2000,2000,786.1491528364559,707.9480024322646,0.75,765.8241423877081,1.0003644464497763,5.841974964982374e-05,2.7400044787824656e-07,786.1491528364559,Q3 formal partially pooled point estimate
10,5C_67PER_4C_NEWSTRUCTURE,31,centered_quadratic,1742.4695936768103,0.9997784562303064,1.66855823899478e-05,5.272692192328605e-08,1114.9447523041463,1615.9119460450481,3491.7019867855984,2000,2000,1825.710503113016,1514.8341644493196,0.75,1742.4695936768103,0.9997784562303064,1.66855823899478e-05,5.272692192328605e-08,1825.710503113016,Q3 formal partially pooled point estimate
11,5_3C_54PER_4C_NEWSTRUCTURE,31,centered_quadratic,2753.953590939959,0.9998112591543952,2.473212255524987e-05,1.3228971957841507e-08,1252.7363110333179,2237.6111831043036,5868.057050924339,2000,2000,3093.4607225359105,1943.088810364202,0.75,2753.953590939959,0.9998112591543952,2.473212255524987e-05,1.3228971957841507e-08,3093.4607225359105,Q3 formal partially pooled point estimate
14,5_6C_19PER_4_6C_NEWSTRUCTURE,31,centered_quadratic,1974.8853047138623,0.99994650230531,1.6077241913474714e-05,3.486917995691464e-08,1140.2346845360196,1771.6973887477855,6478.104632983903,2000,2000,2206.1519204956176,1416.6457595307163,0.75,1974.8853047138623,0.99994650230531,1.6077241913474714e-05,3.486917995691464e-08,2206.1519204956176,Q3 formal partially pooled point estimate
16,3_7C_31PER_5_9C_NEWSTRUCTURE,31,centered_quadratic,924.0882851550838,0.9949521191583708,0.0001854289459895,4.7422551168446424e-08,749.9033433023116,900.0870313833076,1048.6149864875063,2000,2000,892.5333401037299,1025.605910055375,0.75,924.0882851550838,0.9949521191583708,0.0001854289459895,4.7422551168446424e-08,892.5333401037299,Q3 formal partially pooled point estimate
24,5_6C_36PER_4_3C_NEWSTRUCTURE,31,centered_quadratic,1797.6719339483757,1.0000478054723745,1.3686914411596156e-05,5.516827513227445e-08,1185.8312363860557,1670.200914934883,3346.8999136149687,2000,2000,1815.231349308676,1746.006284290906,0.75,1797.6719339483757,1.0000478054723745,1.3686914411596156e-05,5.516827513227445e-08,1815.231349308676,Q3 formal partially pooled point estimate
25,4_8C_80PER_4_8C_NEWSTRUCTURE,31,centered_quadratic,1805.1002101983715,0.9998914569031316,1.7264625585339058e-05,5.1144012775546525e-08,1142.6429438561986,1670.8968908649358,3914.8730350716137,2000,2000,1846.3758611042877,1686.7275016865551,0.75,1805.1002101983715,0.9998914569031316,1.7264625585339058e-05,5.1144012775546525e-08,1846.3758611042877,Q3 formal partially pooled point estimate
