battery_id,policy,selected_acceleration_model,SOH_recent_slope,predicted_delta_slope,predicted_future_slope
2,3_6C-80PER_3_6C,Global_mean_delta,-2.3667541931356634e-05,-9.360202363829548e-06,-3.302774429518618e-05
5,80PER_3_6C,Global_mean_delta,-4.1938465248145474e-05,-9.360202363829548e-06,-5.129866761197502e-05
9,4_8C_80PER_4_8C,Global_mean_delta,-0.00012284331464396114,-9.360202363829548e-06,-0.0001322035170077907
10,5C_67PER_4C_NEWSTRUCTURE,Global_mean_delta,-2.528894388239043e-05,-9.360202363829548e-06,-3.4649146246219975e-05
11,5_3C_54PER_4C_NEWSTRUCTURE,Global_mean_delta,-2.4824349201712283e-05,-9.360202363829548e-06,-3.418455156554183e-05
14,5_6C_19PER_4_6C_NEWSTRUCTURE,Global_mean_delta,-2.5794135525223995e-05,-9.360202363829548e-06,-3.5154337889053545e-05
16,3_7C_31PER_5_9C_NEWSTRUCTURE,Global_mean_delta,-0.00019986146837809243,-9.360202363829548e-06,-0.000209221670741922
24,5_6C_36PER_4_3C_NEWSTRUCTURE,Global_mean_delta,-3.007197718163379e-05,-9.360202363829548e-06,-3.943217954546334e-05
25,4_8C_80PER_4_8C_NEWSTRUCTURE,Global_mean_delta,-2.1013745294990687e-05,-9.360202363829548e-06,-3.0373947658820233e-05
