policy,N,T_obs,T_obs_q1,T_obs_q3,r_stable,r_stable_q1,r_stable_q3,EOL_base,C1,Q1,C2,dataset_id,pareto_observed,pareto_bootstrap_probability
3_6C-80PER_3_6C,3,13.341709999999653,13.341639583333151,13.3498045833331,1.9712979025032244e-05,1.8668232948418735e-05,1.983478049974194e-05,1389.4625092510232,3.6,80,3.6,1,False,0.3664
3_7C_31PER_5_9C_NEWSTRUCTURE,3,10.09568250000015,10.0934650000003,10.103667916666524,0.0001925486538435,0.00017369969378365,0.000204617366554,856.0584886102423,3.7,31,5.9,3,False,0.0
4_8C_80PER_4_8C,3,10.0538083333334,10.0375841666667,10.073180833333375,8.487886412842494e-05,6.275144111314823e-05,8.932883803200743e-05,640.26791983904,4.8,80,4.8,2,False,0.2558
4_8C_80PER_4_8C_NEWSTRUCTURE,6,11.03838458333335,11.0383139583333,11.038586458333175,1.8100960979279025e-05,1.436215291372767e-05,2.2691096180527023e-05,1775.074769975773,4.8,80,4.8,3,True,0.691
5C_67PER_4C_NEWSTRUCTURE,7,10.0431400000001,10.04270708333325,10.043434999999851,2.306804012471077e-05,2.0597379294418505e-05,2.6395615679414112e-05,1503.7812975135014,5.0,67,4.0,3,False,0.5278
5_3C_54PER_4C_NEWSTRUCTURE,8,10.042935416666324,10.042292291666238,10.043559999999937,2.1684793076225122e-05,1.944949001290412e-05,2.780787054255264e-05,1593.0990741793662,5.3,54,4.0,3,True,0.7466
5_6C_19PER_4_6C_NEWSTRUCTURE,8,10.04330583333335,10.042593750000139,10.04358562500005,3.0645869177710385e-05,2.69056554631505e-05,3.5308409026600236e-05,1659.9651427339136,5.6,19,4.6,3,False,0.1244
5_6C_36PER_4_3C_NEWSTRUCTURE,8,10.0427879166668,10.041995833333637,10.043295208333276,2.7337256628576014e-05,2.036508774062012e-05,3.18328331033291e-05,1593.0811097410715,5.6,36,4.3,3,True,0.5742
80PER_3_6C,3,13.3420233333333,13.341833333333325,13.357825000000025,2.717764503790374e-05,2.6997250012426146e-05,9.287564469655186e-05,1114.386561471108,,80,3.6,2,False,0.0
