policy,C1,Q1,C2,T_obs,parameter_source,T_theoretical_0_80,time_residual_obs_minus_theory
3_6C-80PER_3_6C,3.6,80,3.6,13.341709999999653,provided,13.333333333333334,0.008376666666318755
3_7C_31PER_5_9C_NEWSTRUCTURE,3.7,31,5.9,10.09568250000015,provided,10.010077874484654,0.08560462551549541
4_8C_80PER_4_8C,4.8,80,4.8,10.0538083333334,provided,10.000000000000002,0.053808333333398295
4_8C_80PER_4_8C_NEWSTRUCTURE,4.8,80,4.8,11.03838458333335,provided,10.000000000000002,1.0383845833333485
5C_67PER_4C_NEWSTRUCTURE,5.0,67,4.0,10.0431400000001,provided,9.99,0.05314000000010033
5_3C_54PER_4C_NEWSTRUCTURE,5.3,54,4.0,10.042935416666324,provided,10.013207547169811,0.029727869496513293
5_6C_19PER_4_6C_NEWSTRUCTURE,5.6,19,4.6,10.04330583333335,provided,9.992236024844724,0.05106980848862541
5_6C_36PER_4_3C_NEWSTRUCTURE,5.6,36,4.3,10.0427879166668,provided,9.996677740863788,0.0461101758030118
80PER_3_6C,3.6,80,3.6,13.3420233333333,single_stage_inferred,13.333333333333334,0.008689999999965892
