battery_id,policy,selected_n0,selected_model,pre_pool_individual_EOL,v4_individual_EOL,peer_geometric_median_EOL,individual_weight,v4_partially_pooled_EOL,fit_A,fit_B,fit_C
2,3_6C-80PER_3_6C,31,centered_quadratic,1756.8156036063774,1756.8156036063774,1371.4168566335456,0.75,1651.3419203432024,0.997612800416408,1.2730181177476388e-05,5.897143629813278e-08
5,80PER_3_6C,31,centered_quadratic,1141.6326608982756,1141.6326608982756,934.7874630892608,0.75,1085.9829542235104,0.9994312298138923,8.457549289833992e-06,1.540634319272337e-07
9,4_8C_80PER_4_8C,31,centered_quadratic,786.1491528364559,786.1491528364559,707.9480024322646,0.75,765.8241423877081,1.0003644464497763,5.841974964982374e-05,2.7400044787824656e-07
10,5C_67PER_4C_NEWSTRUCTURE,31,centered_quadratic,1825.710503113016,1825.7105031130159,1514.8341644493196,0.75,1742.4695936768105,0.9997784562303064,1.66855823899478e-05,5.2726921923286054e-08
11,5_3C_54PER_4C_NEWSTRUCTURE,31,centered_quadratic,3093.4607225347227,3093.4607225359105,1943.0888103642021,0.75,2753.953590939959,0.9998112591543953,2.473212255524987e-05,1.3228971957841507e-08
14,5_6C_19PER_4_6C_NEWSTRUCTURE,31,centered_quadratic,2206.1519204954266,2206.1519204956176,1416.6457595307165,0.75,1974.8853047138625,0.9999465023053101,1.6077241913474714e-05,3.486917995691464e-08
16,3_7C_31PER_5_9C_NEWSTRUCTURE,31,centered_quadratic,892.5333401038077,892.5333401037299,1025.605910055375,0.75,924.0882851550838,0.9949521191583709,0.0001854289459895934,4.742255116844642e-08
24,5_6C_36PER_4_3C_NEWSTRUCTURE,31,centered_quadratic,1815.231349308676,1815.2313493086758,1746.006284290906,0.75,1797.6719339483757,1.0000478054723745,1.3686914411596155e-05,5.516827513227445e-08
25,4_8C_80PER_4_8C_NEWSTRUCTURE,31,centered_quadratic,1846.3758611042877,1846.3758611042874,1686.7275016865553,0.75,1805.1002101983713,0.9998914569031315,1.7264625585339058e-05,5.114401277554652e-08
